key,スタートレーン,プロ区分,ライセンスNo,氏名,期,シフト,1G目_box,2G目_box,3G目_box,4G目_box,5G目_box,6G目_box,7G目_box,8G目_box
3L,3L-1,,289,中谷　優子,28,A,3L・4L,9L・10L,15L・16L,21L・22L,27L・28L,33L・34L,39L・40L,45L・46L
3L,3L-2,S,1219,川添　奨太,49,A,3L・4L,9L・10L,15L・16L,21L・22L,27L・28L,33L・34L,39L・40L,45L・46L
4L,4L-1,,1376,松田　力也,56,A,3L・4L,9L・10L,15L・16L,21L・22L,27L・28L,33L・34L,39L・40L,45L・46L
4L,4L-2,☆アマ,,菅瀬　千春,選手,A,3L・4L,9L・10L,15L・16L,21L・22L,27L・28L,33L・34L,39L・40L,45L・46L
4L,4L-3,☆アマ,,氏家　雅人,選手,A,3L・4L,9L・10L,15L・16L,21L・22L,27L・28L,33L・34L,39L・40L,45L・46L
5L,5L-1,S,600,金子　萌夏,55,A,5L・6L,11L・12L,17L・18L,23L・24L,29L・30L,35L・36L,41L・42L,47L・48L
5L,5L-2,☆アマ,,阪本　真澄,選手,A,5L・6L,11L・12L,17L・18L,23L・24L,29L・30L,35L・36L,41L・42L,47L・48L
6L,6L-1,,1458,増田　優希,62,A,5L・6L,11L・12L,17L・18L,23L・24L,29L・30L,35L・36L,41L・42L,47L・48L
6L,6L-2,,560,大久保咲桜,50,A,5L・6L,11L・12L,17L・18L,23L・24L,29L・30L,35L・36L,41L・42L,47L・48L
6L,6L-3,☆アマ,,菅瀬　久智,選手,A,5L・6L,11L・12L,17L・18L,23L・24L,29L・30L,35L・36L,41L・42L,47L・48L
7L,7L-1,,409,吉川　朋絵,38,A,7L・8L,13L・14L,19L・20L,25L・26L,31L・32L,37L・38L,43L・44L,3L・4L
7L,7L-2,S,1443,藤永　北斗,61,A,7L・8L,13L・14L,19L・20L,25L・26L,31L・32L,37L・38L,43L・44L,3L・4L
8L,8L-1,S,1445,宮澤　拓哉,61,A,7L・8L,13L・14L,19L・20L,25L・26L,31L・32L,37L・38L,43L・44L,3L・4L
8L,8L-2,☆アマ,,大下　由香,選手,A,7L・8L,13L・14L,19L・20L,25L・26L,31L・32L,37L・38L,43L・44L,3L・4L
8L,8L-3,☆アマ,,谷川　修,選手,A,7L・8L,13L・14L,19L・20L,25L・26L,31L・32L,37L・38L,43L・44L,3L・4L
9L,9L-1,S,558,坂倉　凜,50,A,9L・10L,15L・16L,21L・22L,27L・28L,33L・34L,39L・40L,45L・46L,5L・6L
9L,9L-2,☆アマ,,宮井　瑛守,選手,A,9L・10L,15L・16L,21L・22L,27L・28L,33L・34L,39L・40L,45L・46L,5L・6L
10L,10L-1,PTM,1477,西山　翔悟,63,A,9L・10L,15L・16L,21L・22L,27L・28L,33L・34L,39L・40L,45L・46L,5L・6L
10L,10L-2,,590,横山　実美,54,A,9L・10L,15L・16L,21L・22L,27L・28L,33L・34L,39L・40L,45L・46L,5L・6L
10L,10L-3,☆アマ,,久留　悠輝,選手,A,9L・10L,15L・16L,21L・22L,27L・28L,33L・34L,39L・40L,45L・46L,5L・6L
11L,11L-1,CS,587,今井　双葉,54,A,11L・12L,17L・18L,23L・24L,29L・30L,35L・36L,41L・42L,47L・48L,7L・8L
11L,11L-2,S,1429,大久保雄矢,60,A,11L・12L,17L・18L,23L・24L,29L・30L,35L・36L,41L・42L,47L・48L,7L・8L
12L,12L-1,,1419,大沼はるか,58,A,11L・12L,17L・18L,23L・24L,29L・30L,35L・36L,41L・42L,47L・48L,7L・8L
12L,12L-2,☆アマ,,明石　理恵,選手,A,11L・12L,17L・18L,23L・24L,29L・30L,35L・36L,41L・42L,47L・48L,7L・8L
12L,12L-3,☆アマ,,松本　歩夢,選手,A,11L・12L,17L・18L,23L・24L,29L・30L,35L・36L,41L・42L,47L・48L,7L・8L
13L,13L-1,,509,前屋　瑠美,47,A,13L・14L,19L・20L,25L・26L,31L・32L,37L・38L,43L・44L,3L・4L,9L・10L
13L,13L-2,☆アマ,,堂元　孝修,選手,A,13L・14L,19L・20L,25L・26L,31L・32L,37L・38L,43L・44L,3L・4L,9L・10L
14L,14L-1,,1430,田中　義一,60,A,13L・14L,19L・20L,25L・26L,31L・32L,37L・38L,43L・44L,3L・4L,9L・10L
14L,14L-2,,543,松尾　星伽,49,A,13L・14L,19L・20L,25L・26L,31L・32L,37L・38L,43L・44L,3L・4L,9L・10L
14L,14L-3,☆アマ,,杉尾　拓摩,選手,A,13L・14L,19L・20L,25L・26L,31L・32L,37L・38L,43L・44L,3L・4L,9L・10L
15L,15L-1,S,450,佐藤まさみ,42,A,15L・16L,21L・22L,27L・28L,33L・34L,39L・40L,45L・46L,5L・6L,11L・12L
15L,15L-2,,1431,木村　晃,60,A,15L・16L,21L・22L,27L・28L,33L・34L,39L・40L,45L・46L,5L・6L,11L・12L
16L,16L-1,,1368,志摩竜太郎,55,A,15L・16L,21L・22L,27L・28L,33L・34L,39L・40L,45L・46L,5L・6L,11L・12L
16L,16L-2,☆アマ,,糸山　恵理,選手,A,15L・16L,21L・22L,27L・28L,33L・34L,39L・40L,45L・46L,5L・6L,11L・12L
16L,16L-3,☆アマ,,秋山　寿光,選手,A,15L・16L,21L・22L,27L・28L,33L・34L,39L・40L,45L・46L,5L・6L,11L・12L
17L,17L-1,,429,森　彩奈江,40,A,17L・18L,23L・24L,29L・30L,35L・36L,41L・42L,47L・48L,7L・8L,13L・14L
17L,17L-2,☆アマ,,村上　太一,選手,A,17L・18L,23L・24L,29L・30L,35L・36L,41L・42L,47L・48L,7L・8L,13L・14L
18L,18L-1,S,1193,斉藤　琢哉,48,A,17L・18L,23L・24L,29L・30L,35L・36L,41L・42L,47L・48L,7L・8L,13L・14L
18L,18L-2,,612,德田　有紀,55,A,17L・18L,23L・24L,29L・30L,35L・36L,41L・42L,47L・48L,7L・8L,13L・14L
18L,18L-3,☆アマ,,宿谷　政文,選手,A,17L・18L,23L・24L,29L・30L,35L・36L,41L・42L,47L・48L,7L・8L,13L・14L
19L,19L-1,S,599,石田　万音,55,A,19L・20L,25L・26L,31L・32L,37L・38L,43L・44L,3L・4L,9L・10L,15L・16L
19L,19L-2,,1452,内藤　広人,61,A,19L・20L,25L・26L,31L・32L,37L・38L,43L・44L,3L・4L,9L・10L,15L・16L
20L,20L-1,S,1180,斉藤　征哉,47,A,19L・20L,25L・26L,31L・32L,37L・38L,43L・44L,3L・4L,9L・10L,15L・16L
20L,20L-2,☆アマ,,古川　綺音,選手,A,19L・20L,25L・26L,31L・32L,37L・38L,43L・44L,3L・4L,9L・10L,15L・16L
20L,20L-3,☆アマ,,山下　仁,選手,A,19L・20L,25L・26L,31L・32L,37L・38L,43L・44L,3L・4L,9L・10L,15L・16L
21L,21L-1,,523,内藤真裕実,48,A,21L・22L,27L・28L,33L・34L,39L・40L,45L・46L,5L・6L,11L・12L,17L・18L
21L,21L-2,☆アマ,,福田　将平,選手,A,21L・22L,27L・28L,33L・34L,39L・40L,45L・46L,5L・6L,11L・12L,17L・18L
22L,22L-1,S,1345,甘糟　翔太,54,A,21L・22L,27L・28L,33L・34L,39L・40L,45L・46L,5L・6L,11L・12L,17L・18L
22L,22L-2,,540,倉田　萌,48,A,21L・22L,27L・28L,33L・34L,39L・40L,45L・46L,5L・6L,11L・12L,17L・18L
22L,22L-3,☆アマ,,長澤　椋,選手,A,21L・22L,27L・28L,33L・34L,39L・40L,45L・46L,5L・6L,11L・12L,17L・18L
23L,23L-1,S,598,近藤　菜帆,55,A,23L・24L,29L・30L,35L・36L,41L・42L,47L・48L,7L・8L,13L・14L,19L・20L
23L,23L-2,,1297,藤川　大輔,52,A,23L・24L,29L・30L,35L・36L,41L・42L,47L・48L,7L・8L,13L・14L,19L・20L
24L,24L-1,,1464,島田　卓也,62,A,23L・24L,29L・30L,35L・36L,41L・42L,47L・48L,7L・8L,13L・14L,19L・20L
24L,24L-2,☆アマ,,木内　麻央,選手,A,23L・24L,29L・30L,35L・36L,41L・42L,47L・48L,7L・8L,13L・14L,19L・20L
24L,24L-3,☆アマ,,諏訪間皆丞,選手,A,23L・24L,29L・30L,35L・36L,41L・42L,47L・48L,7L・8L,13L・14L,19L・20L
25L,25L-1,,277,太田　美紀,26,A,25L・26L,31L・32L,37L・38L,43L・44L,3L・4L,9L・10L,15L・16L,21L・22L
25L,25L-2,,1269,大城クラウディオ,51,A,25L・26L,31L・32L,37L・38L,43L・44L,3L・4L,9L・10L,15L・16L,21L・22L
26L,26L-1,,1455,村上　裕一,61,A,25L・26L,31L・32L,37L・38L,43L・44L,3L・4L,9L・10L,15L・16L,21L・22L
26L,26L-2,☆アマ,,池上　康予,選手,A,25L・26L,31L・32L,37L・38L,43L・44L,3L・4L,9L・10L,15L・16L,21L・22L
26L,26L-3,☆アマ,,室井　勝,選手,A,25L・26L,31L・32L,37L・38L,43L・44L,3L・4L,9L・10L,15L・16L,21L・22L
3L,3L-1,,478,小林あゆみ,44,B,3L・4L,9L・10L,15L・16L,21L・22L,27L・28L,33L・34L,39L・40L,45L・46L
3L,3L-2,,1435,德久　恵大,60,B,3L・4L,9L・10L,15L・16L,21L・22L,27L・28L,33L・34L,39L・40L,45L・46L
4L,4L-1,S,1289,谷合　貴志,52,B,3L・4L,9L・10L,15L・16L,21L・22L,27L・28L,33L・34L,39L・40L,45L・46L
4L,4L-2,☆アマ,,森　美樹,選手,B,3L・4L,9L・10L,15L・16L,21L・22L,27L・28L,33L・34L,39L・40L,45L・46L
4L,4L-3,☆アマ,,福田　透,選手,B,3L・4L,9L・10L,15L・16L,21L・22L,27L・28L,33L・34L,39L・40L,45L・46L
5L,5L-1,,499,本間由佳梨,46,B,5L・6L,11L・12L,17L・18L,23L・24L,29L・30L,35L・36L,41L・42L,47L・48L
5L,5L-2,☆アマ,,川村　優輔,選手,B,5L・6L,11L・12L,17L・18L,23L・24L,29L・30L,35L・36L,41L・42L,47L・48L
6L,6L-1,,900,糸山賀津人,37,B,5L・6L,11L・12L,17L・18L,23L・24L,29L・30L,35L・36L,41L・42L,47L・48L
6L,6L-2,,494,桑藤　美樹,45,B,5L・6L,11L・12L,17L・18L,23L・24L,29L・30L,35L・36L,41L・42L,47L・48L
6L,6L-3,☆アマ,,湯瀬　翔悟,選手,B,5L・6L,11L・12L,17L・18L,23L・24L,29L・30L,35L・36L,41L・42L,47L・48L
7L,7L-1,,537,岩見　彩乃,48,B,7L・8L,13L・14L,19L・20L,25L・26L,31L・32L,37L・38L,43L・44L,3L・4L
7L,7L-2,S,1198,小林　哲也,48,B,7L・8L,13L・14L,19L・20L,25L・26L,31L・32L,37L・38L,43L・44L,3L・4L
8L,8L-1,,1433,井口　遼太,60,B,7L・8L,13L・14L,19L・20L,25L・26L,31L・32L,37L・38L,43L・44L,3L・4L
8L,8L-2,☆アマ,,高橋　愛莉,選手,B,7L・8L,13L・14L,19L・20L,25L・26L,31L・32L,37L・38L,43L・44L,3L・4L
8L,8L-3,☆アマ,,佐藤　耀斗,選手,B,7L・8L,13L・14L,19L・20L,25L・26L,31L・32L,37L・38L,43L・44L,3L・4L
9L,9L-1,歴,520,三浦　美里,47,B,9L・10L,15L・16L,21L・22L,27L・28L,33L・34L,39L・40L,45L・46L,5L・6L
9L,9L-2,☆アマ,,兒玉　翔,選手,B,9L・10L,15L・16L,21L・22L,27L・28L,33L・34L,39L・40L,45L・46L,5L・6L
10L,10L-1,S,1361,堀ノ内智大,54,B,9L・10L,15L・16L,21L・22L,27L・28L,33L・34L,39L・40L,45L・46L,5L・6L
10L,10L-2,,513,鶴井　亜南,47,B,9L・10L,15L・16L,21L・22L,27L・28L,33L・34L,39L・40L,45L・46L,5L・6L
10L,10L-3,☆アマ,,古賀　瑛心,選手,B,9L・10L,15L・16L,21L・22L,27L・28L,33L・34L,39L・40L,45L・46L,5L・6L
11L,11L-1,CS,586,幸木百合菜,53,B,11L・12L,17L・18L,23L・24L,29L・30L,35L・36L,41L・42L,47L・48L,7L・8L
11L,11L-2,S,1078,山本　勲,44,B,11L・12L,17L・18L,23L・24L,29L・30L,35L・36L,41L・42L,47L・48L,7L・8L
12L,12L-1,,1050,日置　秀一,43,B,11L・12L,17L・18L,23L・24L,29L・30L,35L・36L,41L・42L,47L・48L,7L・8L
12L,12L-2,☆アマ,,北川　市子,選手,B,11L・12L,17L・18L,23L・24L,29L・30L,35L・36L,41L・42L,47L・48L,7L・8L
12L,12L-3,☆アマ,,村永　一樹,選手,B,11L・12L,17L・18L,23L・24L,29L・30L,35L・36L,41L・42L,47L・48L,7L・8L
13L,13L-1,,528,浅田　梨奈,48,B,13L・14L,19L・20L,25L・26L,31L・32L,37L・38L,43L・44L,3L・4L,9L・10L
13L,13L-2,☆アマ,,熊沢　颯,選手,B,13L・14L,19L・20L,25L・26L,31L・32L,37L・38L,43L・44L,3L・4L,9L・10L
14L,14L-1,,1077,堀江　真一,43,B,13L・14L,19L・20L,25L・26L,31L・32L,37L・38L,43L・44L,3L・4L,9L・10L
14L,14L-2,,578,キム・ソヒョン,52,B,13L・14L,19L・20L,25L・26L,31L・32L,37L・38L,43L・44L,3L・4L,9L・10L
14L,14L-3,☆アマ,,沼田　一輝,選手,B,13L・14L,19L・20L,25L・26L,31L・32L,37L・38L,43L・44L,3L・4L,9L・10L
15L,15L-1,,614,川田　菜摘,56,B,15L・16L,21L・22L,27L・28L,33L・34L,39L・40L,45L・46L,5L・6L,11L・12L
15L,15L-2,,1032,工藤　貴志,42,B,15L・16L,21L・22L,27L・28L,33L・34L,39L・40L,45L・46L,5L・6L,11L・12L
16L,16L-1,,1424,坂本　就馬,59,B,15L・16L,21L・22L,27L・28L,33L・34L,39L・40L,45L・46L,5L・6L,11L・12L
16L,16L-2,☆アマ,,佐鳥　佳純,選手,B,15L・16L,21L・22L,27L・28L,33L・34L,39L・40L,45L・46L,5L・6L,11L・12L
16L,16L-3,☆アマ,,岸本　涼太,選手,B,15L・16L,21L・22L,27L・28L,33L・34L,39L・40L,45L・46L,5L・6L,11L・12L
17L,17L-1,S,583,堀井　春花,53,B,17L・18L,23L・24L,29L・30L,35L・36L,41L・42L,47L・48L,7L・8L,13L・14L
17L,17L-2,☆アマ,,笠原　翼,選手,B,17L・18L,23L・24L,29L・30L,35L・36L,41L・42L,47L・48L,7L・8L,13L・14L
18L,18L-1,,1349,入口　光司,54,B,17L・18L,23L・24L,29L・30L,35L・36L,41L・42L,47L・48L,7L・8L,13L・14L
18L,18L-2,S,364,丹羽由香梨,35,B,17L・18L,23L・24L,29L・30L,35L・36L,41L・42L,47L・48L,7L・8L,13L・14L
18L,18L-3,☆アマ,,林　一輝,選手,B,17L・18L,23L・24L,29L・30L,35L・36L,41L・42L,47L・48L,7L・8L,13L・14L
19L,19L-1,,609,緒方　美空,55,B,19L・20L,25L・26L,31L・32L,37L・38L,43L・44L,3L・4L,9L・10L,15L・16L
19L,19L-2,S,974,永野すばる,40,B,19L・20L,25L・26L,31L・32L,37L・38L,43L・44L,3L・4L,9L・10L,15L・16L
20L,20L-1,,1070,呉竹　博之,43,B,19L・20L,25L・26L,31L・32L,37L・38L,43L・44L,3L・4L,9L・10L,15L・16L
20L,20L-2,☆アマ,,谷原　美来,選手,B,19L・20L,25L・26L,31L・32L,37L・38L,43L・44L,3L・4L,9L・10L,15L・16L
20L,20L-3,☆アマ,,有賀　徹,選手,B,19L・20L,25L・26L,31L・32L,37L・38L,43L・44L,3L・4L,9L・10L,15L・16L
21L,21L-1,S,524,山田　幸,48,B,21L・22L,27L・28L,33L・34L,39L・40L,45L・46L,5L・6L,11L・12L,17L・18L
21L,21L-2,☆アマ,,萩山　弘貴,選手,B,21L・22L,27L・28L,33L・34L,39L・40L,45L・46L,5L・6L,11L・12L,17L・18L
22L,22L-1,S,1267,森本　健太,51,B,21L・22L,27L・28L,33L・34L,39L・40L,45L・46L,5L・6L,11L・12L,17L・18L
22L,22L-2,S,384,松永　裕美,37,B,21L・22L,27L・28L,33L・34L,39L・40L,45L・46L,5L・6L,11L・12L,17L・18L
22L,22L-3,☆アマ,,大溝　孝良,選手,B,21L・22L,27L・28L,33L・34L,39L・40L,45L・46L,5L・6L,11L・12L,17L・18L
23L,23L-1,,617,安田明香里,56,B,23L・24L,29L・30L,35L・36L,41L・42L,47L・48L,7L・8L,13L・14L,19L・20L
23L,23L-2,,1377,羽賀　秀和,56,B,23L・24L,29L・30L,35L・36L,41L・42L,47L・48L,7L・8L,13L・14L,19L・20L
24L,24L-1,S,1423,安里　秀策,59,B,23L・24L,29L・30L,35L・36L,41L・42L,47L・48L,7L・8L,13L・14L,19L・20L
24L,24L-2,☆アマ,,上野　美姫,選手,B,23L・24L,29L・30L,35L・36L,41L・42L,47L・48L,7L・8L,13L・14L,19L・20L
24L,24L-3,☆アマ,,中田　英一,選手,B,23L・24L,29L・30L,35L・36L,41L・42L,47L・48L,7L・8L,13L・14L,19L・20L
25L,25L-1,,584,原野　萌花,53,B,25L・26L,31L・32L,37L・38L,43L・44L,3L・4L,9L・10L,15L・16L,21L・22L
25L,25L-2,,1343,平岡　勇人,53,B,25L・26L,31L・32L,37L・38L,43L・44L,3L・4L,9L・10L,15L・16L,21L・22L
26L,26L-1,歴,905,太田　隆昌,37,B,25L・26L,31L・32L,37L・38L,43L・44L,3L・4L,9L・10L,15L・16L,21L・22L
26L,26L-2,☆アマ,,桐生由紀子,選手,B,25L・26L,31L・32L,37L・38L,43L・44L,3L・4L,9L・10L,15L・16L,21L・22L
26L,26L-3,☆アマ,,八鍬　良太,選手,B,25L・26L,31L・32L,37L・38L,43L・44L,3L・4L,9L・10L,15L・16L,21L・22L
27L,27L-1,JS,588,土屋　佑佳,54,A,27L・28L,33L・34L,39L・40L,45L・46L,5L・6L,11L・12L,17L・18L,23L・24L
27L,27L-2,☆アマ,,金山　健太,選手,A,27L・28L,33L・34L,39L・40L,45L・46L,5L・6L,11L・12L,17L・18L,23L・24L
28L,28L-1,,1461,鶴見　亮剛,62,A,27L・28L,33L・34L,39L・40L,45L・46L,5L・6L,11L・12L,17L・18L,23L・24L
28L,28L-2,,615,野仲　美咲,56,A,27L・28L,33L・34L,39L・40L,45L・46L,5L・6L,11L・12L,17L・18L,23L・24L
28L,28L-3,☆アマ,,勝又　七夢,選手,A,27L・28L,33L・34L,39L・40L,45L・46L,5L・6L,11L・12L,17L・18L,23L・24L
29L,29L-1,,490,大根谷　愛,45,A,29L・30L,35L・36L,41L・42L,47L・48L,7L・8L,13L・14L,19L・20L,25L・26L
29L,29L-2,☆アマ,,柴田　晃,選手,A,29L・30L,35L・36L,41L・42L,47L・48L,7L・8L,13L・14L,19L・20L,25L・26L
30L,30L-1,,1434,原口　優馬,60,A,29L・30L,35L・36L,41L・42L,47L・48L,7L・8L,13L・14L,19L・20L,25L・26L
30L,30L-2,☆アマ,,宿谷　貴子,選手,A,29L・30L,35L・36L,41L・42L,47L・48L,7L・8L,13L・14L,19L・20L,25L・26L
30L,30L-3,☆アマ,,高柳　和晃,選手,A,29L・30L,35L・36L,41L・42L,47L・48L,7L・8L,13L・14L,19L・20L,25L・26L
31L,31L-1,S,352,姫路　麗,33,A,31L・32L,37L・38L,43L・44L,3L・4L,9L・10L,15L・16L,21L・22L,27L・28L
31L,31L-2,S,1432,羽ヶ﨑匠海,60,A,31L・32L,37L・38L,43L・44L,3L・4L,9L・10L,15L・16L,21L・22L,27L・28L
32L,32L-1,S,1427,田中　椋也,59,A,31L・32L,37L・38L,43L・44L,3L・4L,9L・10L,15L・16L,21L・22L,27L・28L
32L,32L-2,,507,寺下　智香,47,A,31L・32L,37L・38L,43L・44L,3L・4L,9L・10L,15L・16L,21L・22L,27L・28L
32L,32L-3,☆アマ,,藤田　知久,選手,A,31L・32L,37L・38L,43L・44L,3L・4L,9L・10L,15L・16L,21L・22L,27L・28L
33L,33L-1,,622,渡辺　莉央,56,A,33L・34L,39L・40L,45L・46L,5L・6L,11L・12L,17L・18L,23L・24L,29L・30L
33L,33L-2,☆アマ,,小泉　司,選手,A,33L・34L,39L・40L,45L・46L,5L・6L,11L・12L,17L・18L,23L・24L,29L・30L
34L,34L-1,S,1394,藤村　隆史,57,A,33L・34L,39L・40L,45L・46L,5L・6L,11L・12L,17L・18L,23L・24L,29L・30L
34L,34L-2,☆アマ,,大石　萌,選手,A,33L・34L,39L・40L,45L・46L,5L・6L,11L・12L,17L・18L,23L・24L,29L・30L
34L,34L-3,☆アマ,,伊藤　海斗,選手,A,33L・34L,39L・40L,45L・46L,5L・6L,11L・12L,17L・18L,23L・24L,29L・30L
35L,35L-1,,589,坂野ニイナ,54,A,35L・36L,41L・42L,47L・48L,7L・8L,13L・14L,19L・20L,25L・26L,31L・32L
35L,35L-2,,1066,加藤　祐哉,43,A,35L・36L,41L・42L,47L・48L,7L・8L,13L・14L,19L・20L,25L・26L,31L・32L
36L,36L-1,,1370,新城　一也,55,A,35L・36L,41L・42L,47L・48L,7L・8L,13L・14L,19L・20L,25L・26L,31L・32L
36L,36L-2,,521,秋光　楓,47,A,35L・36L,41L・42L,47L・48L,7L・8L,13L・14L,19L・20L,25L・26L,31L・32L
36L,36L-3,☆アマ,,貞平　覚士,選手,A,35L・36L,41L・42L,47L・48L,7L・8L,13L・14L,19L・20L,25L・26L,31L・32L
37L,37L-1,S,526,久保田彩花,48,A,37L・38L,43L・44L,3L・4L,9L・10L,15L・16L,21L・22L,27L・28L,33L・34L
37L,37L-2,☆アマ,,青島　龍治,選手,A,37L・38L,43L・44L,3L・4L,9L・10L,15L・16L,21L・22L,27L・28L,33L・34L
38L,38L-1,S,1425,伊吹　太陽,59,A,37L・38L,43L・44L,3L・4L,9L・10L,15L・16L,21L・22L,27L・28L,33L・34L
38L,38L-2,☆アマ,,鈴木　淳子,選手,A,37L・38L,43L・44L,3L・4L,9L・10L,15L・16L,21L・22L,27L・28L,33L・34L
38L,38L-3,☆アマ,,鈴木　誠昌,選手,A,37L・38L,43L・44L,3L・4L,9L・10L,15L・16L,21L・22L,27L・28L,33L・34L
39L,39L-1,S,613,秋吉　夕紀,56,A,39L・40L,45L・46L,5L・6L,11L・12L,17L・18L,23L・24L,29L・30L,35L・36L
39L,39L-2,,1214,福丸　哲平,48,A,39L・40L,45L・46L,5L・6L,11L・12L,17L・18L,23L・24L,29L・30L,35L・36L
40L,40L-1,,102,藤村　重定,4,A,39L・40L,45L・46L,5L・6L,11L・12L,17L・18L,23L・24L,29L・30L,35L・36L
40L,40L-2,PT,626,後藤光々音,57,A,39L・40L,45L・46L,5L・6L,11L・12L,17L・18L,23L・24L,29L・30L,35L・36L
40L,40L-3,☆アマ,,菊池　崇弘,選手,A,39L・40L,45L・46L,5L・6L,11L・12L,17L・18L,23L・24L,29L・30L,35L・36L
41L,41L-1,,469,安藤　瞳,43,A,41L・42L,47L・48L,7L・8L,13L・14L,19L・20L,25L・26L,31L・32L,37L・38L
41L,41L-2,☆アマ,,石川　勝清,選手,A,41L・42L,47L・48L,7L・8L,13L・14L,19L・20L,25L・26L,31L・32L,37L・38L
42L,42L-1,S,1444,内藤慎之介,61,A,41L・42L,47L・48L,7L・8L,13L・14L,19L・20L,25L・26L,31L・32L,37L・38L
42L,42L-2,☆アマ,,太田　千恵,選手,A,41L・42L,47L・48L,7L・8L,13L・14L,19L・20L,25L・26L,31L・32L,37L・38L
42L,42L-3,☆アマ,,土屋　勇,選手,A,41L・42L,47L・48L,7L・8L,13L・14L,19L・20L,25L・26L,31L・32L,37L・38L
43L,43L-1,,463,岸田　有加,43,A,43L・44L,3L・4L,9L・10L,15L・16L,21L・22L,27L・28L,33L・34L,39L・40L
43L,43L-2,,1471,千葉　幸太,62,A,43L・44L,3L・4L,9L・10L,15L・16L,21L・22L,27L・28L,33L・34L,39L・40L
44L,44L-1,,1220,渡邉　航明,49,A,43L・44L,3L・4L,9L・10L,15L・16L,21L・22L,27L・28L,33L・34L,39L・40L
44L,44L-2,,616,太　琳華,56,A,43L・44L,3L・4L,9L・10L,15L・16L,21L・22L,27L・28L,33L・34L,39L・40L
44L,44L-3,☆アマ,,中島　剛,選手,A,43L・44L,3L・4L,9L・10L,15L・16L,21L・22L,27L・28L,33L・34L,39L・40L
45L,45L-1,,603,緒方　彩音,55,A,45L・46L,5L・6L,11L・12L,17L・18L,23L・24L,29L・30L,35L・36L,41L・42L
45L,45L-2,☆アマ,,新穂　隼人,選手,A,45L・46L,5L・6L,11L・12L,17L・18L,23L・24L,29L・30L,35L・36L,41L・42L
46L,46L-1,,1099,津島　健次,45,A,45L・46L,5L・6L,11L・12L,17L・18L,23L・24L,29L・30L,35L・36L,41L・42L
46L,46L-2,☆アマ,,道上　結陽,選手,A,45L・46L,5L・6L,11L・12L,17L・18L,23L・24L,29L・30L,35L・36L,41L・42L
46L,46L-3,☆アマ,,間宮　秀夫,選手,A,45L・46L,5L・6L,11L・12L,17L・18L,23L・24L,29L・30L,35L・36L,41L・42L
47L,47L-1,,570,本橋　優美,51,A,47L・48L,7L・8L,13L・14L,19L・20L,25L・26L,31L・32L,37L・38L,43L・44L
47L,47L-2,,1310,笹田　泰裕,52,A,47L・48L,7L・8L,13L・14L,19L・20L,25L・26L,31L・32L,37L・38L,43L・44L
48L,48L-1,,1395,佐藤　貴啓,57,A,47L・48L,7L・8L,13L・14L,19L・20L,25L・26L,31L・32L,37L・38L,43L・44L
48L,48L-2,☆アマ,,丸山　菜子,選手,A,47L・48L,7L・8L,13L・14L,19L・20L,25L・26L,31L・32L,37L・38L,43L・44L
48L,48L-3,☆アマ,,幸村　和晃,選手,A,47L・48L,7L・8L,13L・14L,19L・20L,25L・26L,31L・32L,37L・38L,43L・44L
27L,27L-1,,515,坂倉にいな,47,B,27L・28L,33L・34L,39L・40L,45L・46L,5L・6L,11L・12L,17L・18L,23L・24L
27L,27L-2,☆アマ,,小野　雄司,選手,B,27L・28L,33L・34L,39L・40L,45L・46L,5L・6L,11L・12L,17L・18L,23L・24L
28L,28L-1,,885,平山　陽一,36,B,27L・28L,33L・34L,39L・40L,45L・46L,5L・6L,11L・12L,17L・18L,23L・24L
28L,28L-2,CS,223,長縄多禧子,21,B,27L・28L,33L・34L,39L・40L,45L・46L,5L・6L,11L・12L,17L・18L,23L・24L
28L,28L-3,☆アマ,,津田　優斗,選手,B,27L・28L,33L・34L,39L・40L,45L・46L,5L・6L,11L・12L,17L・18L,23L・24L
29L,29L-1,,525,宇山　侑花,48,B,29L・30L,35L・36L,41L・42L,47L・48L,7L・8L,13L・14L,19L・20L,25L・26L
29L,29L-2,☆アマ,,南川　瑞人,選手,B,29L・30L,35L・36L,41L・42L,47L・48L,7L・8L,13L・14L,19L・20L,25L・26L
30L,30L-1,S,1233,斉藤　祐哉,49,B,29L・30L,35L・36L,41L・42L,47L・48L,7L・8L,13L・14L,19L・20L,25L・26L
30L,30L-2,☆アマ,,見永　幸江,選手,B,29L・30L,35L・36L,41L・42L,47L・48L,7L・8L,13L・14L,19L・20L,25L・26L
30L,30L-3,☆アマ,,DJ　Douttiel,選手,B,29L・30L,35L・36L,41L・42L,47L・48L,7L・8L,13L・14L,19L・20L,25L・26L
31L,31L-1,S,544,坂本　かや,49,B,31L・32L,37L・38L,43L・44L,3L・4L,9L・10L,15L・16L,21L・22L,27L・28L
31L,31L-2,,1448,木村　謙太,61,B,31L・32L,37L・38L,43L・44L,3L・4L,9L・10L,15L・16L,21L・22L,27L・28L
32L,32L-1,,1085,山下　昌吾,44,B,31L・32L,37L・38L,43L・44L,3L・4L,9L・10L,15L・16L,21L・22L,27L・28L
32L,32L-2,,369,堂元　美佐,35,B,31L・32L,37L・38L,43L・44L,3L・4L,9L・10L,15L・16L,21L・22L,27L・28L
32L,32L-3,☆アマ,,若松　享好,選手,B,31L・32L,37L・38L,43L・44L,3L・4L,9L・10L,15L・16L,21L・22L,27L・28L
33L,33L-1,,557,水谷　若菜,50,B,33L・34L,39L・40L,45L・46L,5L・6L,11L・12L,17L・18L,23L・24L,29L・30L
33L,33L-2,☆アマ,,齋藤　大哉,選手,B,33L・34L,39L・40L,45L・46L,5L・6L,11L・12L,17L・18L,23L・24L,29L・30L
34L,34L-1,,1304,齋藤　剛一,52,B,33L・34L,39L・40L,45L・46L,5L・6L,11L・12L,17L・18L,23L・24L,29L・30L
34L,34L-2,☆アマ,,有川　美也,選手,B,33L・34L,39L・40L,45L・46L,5L・6L,11L・12L,17L・18L,23L・24L,29L・30L
34L,34L-3,☆アマ,,赤堀　栄基,選手,B,33L・34L,39L・40L,45L・46L,5L・6L,11L・12L,17L・18L,23L・24L,29L・30L
35L,35L-1,,514,小久保実希,47,B,35L・36L,41L・42L,47L・48L,7L・8L,13L・14L,19L・20L,25L・26L,31L・32L
35L,35L-2,S,1400,江川　司,57,B,35L・36L,41L・42L,47L・48L,7L・8L,13L・14L,19L・20L,25L・26L,31L・32L
36L,36L-1,,1291,渡邊　雄也,52,B,35L・36L,41L・42L,47L・48L,7L・8L,13L・14L,19L・20L,25L・26L,31L・32L
36L,36L-2,S,568,越智　真南,51,B,35L・36L,41L・42L,47L・48L,7L・8L,13L・14L,19L・20L,25L・26L,31L・32L
36L,36L-3,☆アマ,,阪口　昭一,選手,B,35L・36L,41L・42L,47L・48L,7L・8L,13L・14L,19L・20L,25L・26L,31L・32L
37L,37L-1,,371,藤田　麻衣,35,B,37L・38L,43L・44L,3L・4L,9L・10L,15L・16L,21L・22L,27L・28L,33L・34L
37L,37L-2,☆アマ,,田代　寿一,選手,B,37L・38L,43L・44L,3L・4L,9L・10L,15L・16L,21L・22L,27L・28L,33L・34L
38L,38L-1,S,761,小原　照之,32,B,37L・38L,43L・44L,3L・4L,9L・10L,15L・16L,21L・22L,27L・28L,33L・34L
38L,38L-2,☆アマ,,坂井千寿佳,選手,B,37L・38L,43L・44L,3L・4L,9L・10L,15L・16L,21L・22L,27L・28L,33L・34L
38L,38L-3,☆アマ,,小原　楓雅,選手,B,37L・38L,43L・44L,3L・4L,9L・10L,15L・16L,21L・22L,27L・28L,33L・34L
39L,39L-1,歴,298,松岡美穂子,28,B,39L・40L,45L・46L,5L・6L,11L・12L,17L・18L,23L・24L,29L・30L,35L・36L
39L,39L-2,,1314,児玉　侑樹,52,B,39L・40L,45L・46L,5L・6L,11L・12L,17L・18L,23L・24L,29L・30L,35L・36L
40L,40L-1,PT,1478,倉持　悠人,63,B,39L・40L,45L・46L,5L・6L,11L・12L,17L・18L,23L・24L,29L・30L,35L・36L
40L,40L-2,S,559,霜出　佳奈,50,B,39L・40L,45L・46L,5L・6L,11L・12L,17L・18L,23L・24L,29L・30L,35L・36L
40L,40L-3,☆アマ,,中山　健一,選手,B,39L・40L,45L・46L,5L・6L,11L・12L,17L・18L,23L・24L,29L・30L,35L・36L
41L,41L-1,,545,大嶋　有香,49,B,41L・42L,47L・48L,7L・8L,13L・14L,19L・20L,25L・26L,31L・32L,37L・38L
41L,41L-2,☆アマ,,菊地　優希,選手,B,41L・42L,47L・48L,7L・8L,13L・14L,19L・20L,25L・26L,31L・32L,37L・38L
42L,42L-1,,1132,佐野　芳宏,46,B,41L・42L,47L・48L,7L・8L,13L・14L,19L・20L,25L・26L,31L・32L,37L・38L
42L,42L-2,☆アマ,,水野みどり,選手,B,41L・42L,47L・48L,7L・8L,13L・14L,19L・20L,25L・26L,31L・32L,37L・38L
42L,42L-3,☆アマ,,和泉沢幸伸,選手,B,41L・42L,47L・48L,7L・8L,13L・14L,19L・20L,25L・26L,31L・32L,37L・38L
43L,43L-1,,470,小林よしみ,43,B,43L・44L,3L・4L,9L・10L,15L・16L,21L・22L,27L・28L,33L・34L,39L・40L
43L,43L-2,,1190,和田　秀和,48,B,43L・44L,3L・4L,9L・10L,15L・16L,21L・22L,27L・28L,33L・34L,39L・40L
44L,44L-1,S,1446,斎藤　祐太,61,B,43L・44L,3L・4L,9L・10L,15L・16L,21L・22L,27L・28L,33L・34L,39L・40L
44L,44L-2,,221,近藤　文美,21,B,43L・44L,3L・4L,9L・10L,15L・16L,21L・22L,27L・28L,33L・34L,39L・40L
44L,44L-3,☆アマ,,阿部賢志朗,選手,B,43L・44L,3L・4L,9L・10L,15L・16L,21L・22L,27L・28L,33L・34L,39L・40L
45L,45L-1,S,365,名和　秋,35,B,45L・46L,5L・6L,11L・12L,17L・18L,23L・24L,29L・30L,35L・36L,41L・42L
45L,45L-2,☆アマ,,廣瀬　竜一,選手,B,45L・46L,5L・6L,11L・12L,17L・18L,23L・24L,29L・30L,35L・36L,41L・42L
46L,46L-1,,1160,遠藤　誠,47,B,45L・46L,5L・6L,11L・12L,17L・18L,23L・24L,29L・30L,35L・36L,41L・42L
46L,46L-2,☆アマ,,藤田　妃夏,選手,B,45L・46L,5L・6L,11L・12L,17L・18L,23L・24L,29L・30L,35L・36L,41L・42L
46L,46L-3,☆アマ,,静　健太郎,選手,B,45L・46L,5L・6L,11L・12L,17L・18L,23L・24L,29L・30L,35L・36L,41L・42L
47L,47L-1,,445,鈴木　亜季,41,B,47L・48L,7L・8L,13L・14L,19L・20L,25L・26L,31L・32L,37L・38L,43L・44L
47L,47L-2,S,1287,藤井　信人,52,B,47L・48L,7L・8L,13L・14L,19L・20L,25L・26L,31L・32L,37L・38L,43L・44L
48L,48L-1,,848,吉田　文啓,35,B,47L・48L,7L・8L,13L・14L,19L・20L,25L・26L,31L・32L,37L・38L,43L・44L
48L,48L-2,☆アマ,,若松　那奈,選手,B,47L・48L,7L・8L,13L・14L,19L・20L,25L・26L,31L・32L,37L・38L,43L・44L
48L,48L-3,☆アマ,,門田　優樹,選手,B,47L・48L,7L・8L,13L・14L,19L・20L,25L・26L,31L・32L,37L・38L,43L・44L
